{
    "Algorithm": "Artificial Immune System Feature Selection + Random Forest",
    "Selected_Features": [
        "Rolling_Mean_3"
    ],
    "Best_AIS_Fitness": 0.9742314593791089,
    "MAE": 17495.254550101,
    "RMSE": 38840.87963768447,
    "R2_Score": 0.9764727444451121,
    "Accuracy_Percentage": 97.64727444451121
}