{
    "MAE": 18412.955979544477,
    "RMSE": 40156.65511932316,
    "R2_Score": 0.9748517240309859,
    "Accuracy_Percentage": 97.48517240309859,
    "LSTM_Final_Loss": 0.023016884922981262
}